stationnames,subwayCount,transferCount,tr,interchangeCount,intechangeDis,transferTime,transferDis,area,ob,ic
火箭万源,2175,22,0.010114943,496.083333,434.1610802,1112.916666,3649.532351,114.0506507,0.210764975,1.525977011
马各庄,764,24,0.031413613,190.5,156.1512597,1988.5,13312.10582,932.0165084,0.739907735,1.27617801
生物医药基地,8481,25,0.002947766,365.12,148.7369194,788.28,2854.873641,96.99601538,0.659850411,0.156231576
大红门南,1001,26,0.025974026,550.608695,344.3033413,591,2696.248112,119.9130821,0.047757706,5.250749251
良乡大学城,4109,26,0.006327574,214.153846,80.13292372,373.307692,2240.616149,7.51685342,0.833306141,0.078851302
传媒大学,9831,28,0.002848133,404.15,176.3223957,686.85,2601.690828,34.0073536,0.854776087,0.216559862
慈寿寺,8222,30,0.003648747,341.642857,315.9237977,651.642857,2122.96043,55.41693577,0.741744795,0.470201897
大井,3667,31,0.008453777,411.548387,204.5589956,411.967741,1819.367751,31.36491642,0.769043731,0.493046087
黄渠,13293,31,0.002332054,253.607142,400.9030756,581.107142,392.9653213,0.611880449,0.634308303,0.353419093
景泰,5672,31,0.005465444,517.870967,272.9829487,729.516129,2709.666862,72.0564743,0.445764968,0.960155148
瀛海,3087,32,0.010366051,183.3125,439.8327037,554.4375,1829.414012,10.23883682,0.884034022,0.276320052
良乡大学城西,5159,38,0.007365769,112.18421,29.27336575,279.973684,1113.121447,2.690958037,0.780440214,0.116883117
北邵洼,1927,39,0.020238713,260.157894,198.4298305,856.736842,5853.696234,49.7275089,0.922426641,0.23300467
双合,6269,43,0.006859148,890.767441,495.3697096,798,3521.308472,92.45063525,0.370594157,0.449992024
紫草坞,238,43,0.180672269,397.279069,426.4125817,836.604651,5370.638838,48.68929777,0.823150419,1.130252101
灯市口,14843,46,0.003099104,727.390243,284.6326,1036.487804,2569.771763,51.8953194,0.605970852,0.595566934
小园,1854,46,0.024811219,317.295454,179.9033927,693.522727,3785.123023,193.4469178,0.584451255,2.041531823
五福堂,1743,50,0.028686173,220.2,409.7266833,252.8,1659.341194,10.31811469,0.593261661,0.820424555
广渠门内,11233,56,0.004985311,685.375,196.2347077,692.553571,2429.28218,42.32307653,0.735514615,0.782693848
建国门,18789,56,0.002980467,709.666666,468.4089694,1411.686274,8224.621646,1119.187439,0.690577508,0.419766885
北海北,8943,57,0.0063737,667.945454,281.23713,793.963636,2100.860288,46.47578393,0.602318687,1.04159678
天安门西,4248,67,0.015772128,515.014925,275.4279288,959.80597,2417.285446,39.75609879,0.407181569,1.004708098
焦化厂,2643,71,0.026863413,933.802816,578.5739233,744.352112,3185.796575,40.07023181,0.38413514,0.835035944
郝家府,2275,75,0.032967033,176.36,108.5352084,825.04,3905.932876,21.88990711,0.781776972,0.073406593
灵镜胡同,11685,75,0.006418485,528.24,154.8598152,893.16,2564.342096,79.12768637,0.177738521,0.755669662
农大南路,3719,75,0.020166711,467.52,327.6134754,1049.88,4781.721657,233.2159919,0.516929399,2.687012638
房山城关,1119,79,0.070598749,144.987341,40.88903037,725.911392,2283.859208,22.15792438,0.724218091,3.863270777
石厂,1687,79,0.04682869,209.987341,201.2109709,1299.645569,6678.817426,167.0509086,0.762253304,1.214582098
珠市口,5226,84,0.016073479,425.797468,248.970935,1432.443037,4583.330124,200.7735675,0.369055863,1.582280903
饶乐府,834,91,0.10911271,235.208791,183.835841,1811.703296,12189.62875,649.1756223,0.660409206,1.29736211
屯佃,3517,94,0.026727324,404.357142,225.9217832,871.785714,4424.416019,144.0146686,0.256457951,0.705715098
八里桥,3334,96,0.028794241,351.489583,271.5206599,1088.135416,3780.250165,51.79795654,0.40319472,1.512897421
东单,21404,98,0.004578583,543.138297,237.09207,1192.670212,4806.804417,230.9935722,0.553740161,0.435012147
天桥,2614,98,0.037490436,669.336734,335.4181992,3263.336734,21886.72884,3351.163516,0.748627613,7.664116297
火器营,5162,100,0.019372336,242.61,116.9897391,411.59,2407.002042,8.648230664,0.672637056,0.158465711
广渠门外,8659,101,0.011664164,478.099009,302.6495241,517.732673,1980.033202,66.68514595,0.19055726,0.99283982
鼓楼大街,11800,102,0.008644068,418.284313,300.9626259,464.833333,1928.78361,49.70126907,0.419845627,0.49
阜通,10362,106,0.010229685,510.590476,247.9926079,471.838095,1559.85945,42.95875897,0.078086027,0.64282957
白堆子,10034,109,0.010863066,358.037037,259.888916,362.629629,1671.474449,19.06330114,0.732270319,0.566772972
知春里,10339,112,0.010832769,378.796296,335.2009137,446.87037,1482.640941,37.18926672,0.47669238,0.773188896
北新桥,9732,115,0.011816687,359.182608,256.0267592,499.643478,1722.96226,35.89501663,0.255768381,0.670160296
和义,2874,115,0.040013918,282.313043,175.4644748,964.686956,3732.149857,76.09888658,0.432651749,2.188239388
魏公村,14445,115,0.007961232,546.513043,420.1093993,565.87826,2267.11953,100.4335597,0.30701877,0.850882658
石门,9517,118,0.012398865,278.169491,292.3543243,275.576271,971.0398907,9.596553943,0.458202986,0.089103709
垈头,6270,119,0.018979266,581.432203,342.2587848,1164.177966,4592.491042,79.694731,0.595671128,0.689154705
科怡路,7506,121,0.016120437,395.652892,357.1138003,815.743801,4816.431191,189.4296776,0.611347857,0.51518785
四道桥,995,121,0.12160804,164.727272,146.4015572,213.61157,2002.350653,3.268323649,0.816894526,0.433165829
巩华城,1117,123,0.110116383,95.609756,30.40353768,867.292682,2355.592396,5.229498456,0.793129602,0.181736795
东高地,1264,126,0.099683544,206.560975,287.1425476,843.658536,3173.075188,63.55195218,0.76527662,3.073575949
木樨园,3447,128,0.037133739,411.258928,277.5761092,2284.526785,18543.77901,1209.278378,0.855283634,6.010733972
王府井,16216,129,0.007955106,441.410852,215.721903,728.286821,2352.070757,88.1969757,0.267111675,0.332449433
朝阳门,41200,130,0.00315534,371.123076,246.1296122,798.8,2565.377351,64.42319072,0.623834098,0.157645631
高米店北,7394,132,0.017852313,393.143939,284.7844466,484.037878,1466.345675,10.82217672,0.706832981,0.286854206
安华桥,9617,133,0.013829677,488.386554,384.6857156,763.05042,4296.682441,295.5645735,0.279332025,1.855464282
柳芳,9386,134,0.014276582,194.648437,181.169283,370.601562,1258.849626,21.45658787,0.364499021,0.612294907
莲花桥,6175,137,0.022186235,374.49635,177.4118488,662.89781,2019.296367,45.12738148,0.455175829,1.485668016
首经贸,12252,138,0.011263467,276.39855,290.1815131,256.514492,808.7467893,11.48098659,0.559417124,0.450783546
磁器口,11761,139,0.011818723,531.101449,264.717984,952.681159,3573.214128,197.6923473,0.240156934,1.279993198
星城,1419,141,0.099365751,254.330882,133.4188762,783.639705,4269.453089,232.7836558,0.775198514,4.229739253
奥林匹克公园,10630,146,0.013734713,464.232394,310.2145287,550.119718,2012.878811,36.11513322,0.586344075,0.44289746
清华东路西口,6128,148,0.024151436,536.057377,324.4527789,726.385245,2625.573028,38.24778422,0.494886177,0.42444517
稻香湖路,2716,154,0.056701031,288.818181,181.1858836,573.168831,2630.089324,77.10360168,0.281302275,0.324742268
昌平西山口,1625,157,0.096615385,215.713375,45.10100234,964.942675,4310.590822,32.09772253,0.798070847,0.150769231
张自忠路,7149,159,0.022240873,459.62893,317.7360582,729.182389,2759.429153,78.06683426,0.607930442,1.354734928
枣营,5388,163,0.030252413,299.85276,201.4875257,488.717791,1646.652319,12.65708173,0.513538956,0.654417223
什刹海,4314,164,0.038015763,358.843971,251.6416868,713.773049,2045.956594,34.61883149,0.594711208,2.385952712
永安里,18540,165,0.008899676,378.732394,182.1210447,1137.169014,4695.439787,196.8175161,0.731593103,0.536461704
和平里北街,12409,166,0.013377387,398.79452,269.7963767,533.082191,1831.0648,28.1464708,0.620008125,0.464662745
东四十条,20386,168,0.00824095,446.214285,346.8818348,816,2684.735681,48.32601478,0.675939165,0.35112332
马家堡,9063,168,0.018536908,329.286764,309.0202456,486.772058,1686.775925,55.53216858,0.206846534,0.719187907
金台夕照,18677,173,0.00926273,375.754385,140.0378556,1390.263157,4798.22099,105.1772563,0.461531562,0.343738288
高碑店,6522,174,0.026678933,516.017241,404.6267831,857.120689,2349.645372,41.96834509,0.593883449,0.580803435
德茂,1315,175,0.133079848,159.148571,354.6816052,1178.022857,7510.23437,255.412955,0.50451366,0.795437262
安河桥北,7479,180,0.024067389,218.523255,225.2686321,802.918604,3267.140438,92.95487187,0.810618381,0.735927263
郭庄子,4770,184,0.038574423,184.625,212.5000445,386.331521,1760.353488,11.66592724,0.6755676,0.800628931
天安门东,7930,184,0.023203026,324.304347,95.64811434,615.782608,2396.316043,77.89774419,0.382041031,0.647667087
廖公庄,3103,186,0.059941992,332.155913,111.4825199,383.94086,1957.938542,33.7968211,0.446425515,0.98678698
木樨地,11647,189,0.016227355,354.95238,265.2706799,716.746031,2783.523757,107.2628384,0.199312662,1.05692453
西单,30275,190,0.006275805,579.168421,293.5212077,1217.621052,4808.358266,285.6810007,0.288016403,0.412716763
知春路,18000,191,0.010611111,270.255319,251.6627306,658.425531,2382.313998,85.57334425,0.395661571,0.293611111
菜市口,9869,194,0.019657513,452.04145,329.0428963,830.585492,2790.812301,94.30616084,0.110433367,0.952072145
常营,20941,195,0.009311876,446.430769,285.8586033,567.953846,1769.733393,48.86891219,0.348941585,0.385893701
国展,7079,197,0.027828789,284.112068,271.4154587,909.198275,4774.530558,296.8442669,0.607318583,0.243819749
前门,10173,197,0.019364986,636.147959,391.1147738,1381.423469,6578.866522,581.310962,0.741376618,1.532487958
篱笆房,7218,199,0.027569964,268.060301,278.0861573,597.170854,2553.612253,46.79721213,0.603401883,0.37420338
中国美术馆,4013,201,0.050087217,350.384615,247.5913522,540.615384,1793.600364,44.10165086,0.257525753,2.706952405
花梨坎,8534,202,0.023670026,129.475247,120.8260095,461.50495,2812.324443,85.42050943,0.714115367,0.144363722
新街口,8578,202,0.023548613,555.44186,303.6025918,766.348837,2976.237869,63.60790996,0.6424122,0.778269993
虎坊桥,5506,208,0.037776971,370.772946,233.7987307,660.690821,2144.57121,73.30941254,0.198353758,2.096077007
郭公庄,6318,210,0.033238367,342.724489,304.0763743,505.459183,2462.694079,11.57378887,0.822091611,0.144032922
惠新西街南口,14517,216,0.014879107,374.248826,249.3934642,865.314553,2804.287785,83.0976902,0.605985485,0.305848316
方庄,9413,219,0.023265696,395.100456,279.9862206,445.269406,1789.742396,56.67741811,0.406198823,0.863592903
复兴门,21003,227,0.01080798,325.567567,304.4011916,1093.162162,3973.699066,185.275911,0.115935721,0.461838785
良乡南关,3986,227,0.056949323,454.46696,410.9483491,1716.955947,8859.374447,159.174651,0.79241064,0.480180632
燕山,1422,228,0.160337553,215.543378,164.9824169,596.607305,2335.299407,44.74811471,0.210384896,2.32278481
西黄村,5434,230,0.042326095,261.073913,161.2825836,490.013043,1551.396756,7.371458733,0.232363843,0.450680898
次渠,2298,242,0.105308964,271.491735,233.444494,491.144628,2816.12899,49.7837658,0.756610912,0.322454308
西北旺,4229,242,0.05722393,288.323275,294.7322701,763.00431,2737.731359,82.85155263,0.510026773,1.391581934
分钟寺,3063,248,0.080966373,175.495967,178.8561101,580.03629,2515.741009,7.18382841,0.846942001,0.168462292
万源街,4426,256,0.057840036,209.929687,147.5270726,1125.710937,4679.159304,217.0951166,0.640962749,0.935607772
育知路,4797,257,0.053575151,247.96875,190.405559,350.328125,1333.522339,22.19805171,0.598800786,0.881592662
巴沟,13005,264,0.020299885,307.965909,241.5128619,582.170454,1906.711121,54.33108154,0.250287648,0.278200692
西小口,7867,266,0.033812127,144.121673,78.77238448,344.688212,1147.194481,1.37688607,0.641471762,0.197279776
石榴庄,10234,267,0.026089506,402.445692,173.3161032,909.588014,4349.822381,152.1657049,0.679800607,0.653996482
永丰南,4051,268,0.066156505,369.059701,321.5916032,679.492537,2513.342939,35.64363531,0.4964717,0.988397926
古城,12983,269,0.020719402,201.200743,169.6772967,875.791821,2548.845614,98.67337876,0.178838946,0.661634445
经海路,9410,271,0.02879915,107.512915,169.702909,616.136531,2035.375043,13.64092451,0.715891695,0.099149841
东夏园,4351,273,0.062744197,395.567765,443.9085597,1414.421245,9881.229632,235.6725629,0.596692271,0.240404505
南锣鼓巷,12310,280,0.022745735,421.555555,243.2867153,574.648745,1975.535217,60.83295465,0.332316569,0.509829407
永定门外,6078,281,0.046232313,281.889344,331.9570589,3878.012295,34745.99667,363.2348081,0.93800531,0.981737414
农业展览馆,3863,286,0.074035724,283.578947,214.3329375,1042.368421,3344.770769,53.79049795,0.449068617,2.815428424
九棵树,7810,288,0.0368758,436.423611,427.7856939,478.618055,1522.266335,16.75910375,0.352243869,1.058002561
大红门,9319,289,0.031011911,461.4,335.7352844,744.418181,3780.451378,41.64576964,0.287449245,0.33211718
南邵,7234,293,0.040503179,242.791808,229.7741064,592.317406,2895.275412,45.92094792,0.707932362,0.315178325
东风北桥,6409,300,0.046809175,361.12,302.0360179,616.88,2679.073574,107.3227038,0.351500592,0.819940708
呼家楼,20262,302,0.014904748,447.197278,330.0236852,1158.333333,4007.723685,130.2286899,0.389368596,0.405488106
望京,14400,338,0.023472222,499.302752,309.3334907,1034.376146,2952.110641,128.7393874,0.414829099,0.639930556
蒲黄榆,15861,343,0.02162537,324.556851,247.648951,736.075801,3054.243261,157.0010004,0.294948776,0.667612383
苏州街,21845,351,0.01606775,359.88,295.6139999,753.405714,2981.926059,81.47971008,0.455941341,0.75413138
大郊亭,6906,356,0.051549377,358.381766,286.5585261,2025.233618,15409.0015,743.3147004,0.842402284,0.761366927
达官营,13715,361,0.026321546,331.003021,171.1164485,598.993957,1719.584465,44.04731249,0.428342702,0.967553773
安贞门,15792,365,0.023112969,315.145604,270.7541734,528.79945,2155.141008,39.49739711,0.625920918,0.944465552
海淀黄庄,28410,366,0.012882788,486.978142,236.8059816,981.36612,3702.328588,154.7013711,0.042711233,0.413058782
沙河高教园,9546,368,0.038550178,176.627717,61.84942453,631.557065,1895.166544,6.408482616,0.73089538,0.056568196
西四,8141,369,0.045326127,391.100271,216.1960139,909.525745,3059.761472,99.4686022,0.337413511,1.600417639
白石桥南,16970,375,0.02209782,327.732558,261.2121702,690.395348,2738.35154,124.6187728,0.319301891,0.565763111
昌平东关,4565,377,0.082584885,333.37931,177.1692088,661.74801,2533.125834,114.4387968,0.202504649,1.275794085
安立路,8098,382,0.047172141,370.274869,218.5587911,980.138743,3785.964379,216.7816477,0.171755141,2.914423314
东湖渠,9738,400,0.041076196,307.4825,181.281859,686.0175,2405.623398,97.31619158,0.356793757,1.65064695
崇文门,29727,401,0.01348942,353.353092,208.3024035,945.234536,3129.925882,150.1346901,0.284335984,0.484845427
北安河,4609,412,0.089390323,211.30097,50.34356592,600.466019,3280.207507,17.76008167,0.359659285,0.248210024
潘家园,16365,422,0.02578674,352.760493,262.395292,805.646913,2782.03627,70.810105,0.49278729,0.853040024
宣武门,14558,422,0.028987498,306.748803,267.942327,991.437799,3568.526218,135.8102037,0.125751078,0.628795164
东大桥,25169,424,0.01684612,390.20525,210.9587663,900.871121,2774.515594,116.5212251,0.255770994,0.660733442
长春桥,11706,429,0.036647873,459.763466,426.9136824,684.154566,2528.605693,52.30439205,0.434685803,1.000170853
田村,8143,442,0.054279749,293.883449,193.9888815,307.214452,1312.894514,20.00568504,0.395290209,0.63207663
肖村,3289,448,0.136211614,351.022471,184.0193042,818.179775,4633.285268,238.3644147,0.450157671,1.635147461
公益西桥,12198,455,0.037301197,324.381188,207.621085,770.212871,3653.989556,123.8422941,0.408207114,0.522872602
花园桥,12574,455,0.03618578,468.663716,373.1294596,599.9823,2727.202576,91.61393775,0.350079708,1.330443773
车公庄西,10265,457,0.044520214,369.74617,253.8084171,595.81838,2312.468602,39.91722417,0.667465669,1.113979542
西土城,20699,457,0.022078361,275.737417,223.1764146,835.560175,3322.681684,52.12274655,0.638485954,0.431759988
车道沟,11118,458,0.041194459,475.416851,443.2241545,631.121951,2732.528346,49.30194053,0.575294116,0.792138874
东四,13314,459,0.034474989,341.161504,220.7837258,529.033185,1794.195414,30.23447429,0.341544176,0.441264834
丰台南路,8210,464,0.056516443,361.118534,279.448603,518.484913,1789.034687,48.31377687,0.56434465,0.785870889
军事博物馆,12859,464,0.036083677,167.732758,298.4247439,763.206896,2851.636295,99.24372088,0.459832181,0.800839879
和平西桥,13553,466,0.034383531,323.497854,284.6398384,1245.545064,6169.956128,402.9894985,0.369146503,1.55028407
褡裢坡,12010,470,0.039134055,214.506382,104.3327952,455.34468,1445.782136,11.77627118,0.689026284,0.360616153
枣园,10868,471,0.043338241,267.781584,156.717452,992.503211,4531.302327,338.7843413,0.661931311,0.986750092
北工大西门,10542,479,0.045437298,281.189054,289.6032808,427.512437,1331.885548,20.44420276,0.639053499,1.069531398
南礼士路,14229,479,0.033663645,287.112734,301.094615,808.672233,2367.794558,45.0488972,0.348866161,0.882071825
苏庄,4255,479,0.112573443,238.175365,149.8573147,1570.219206,7940.490327,403.0983381,0.487855967,0.569917744
中关村,18791,482,0.025650577,454.45,280.0335149,994.723913,3732.609993,177.9642207,0.34445017,0.91932308
双桥,12612,487,0.038614018,302.456289,235.0568748,1023.324093,3493.026823,63.74968261,0.288160209,0.420313987
西钓鱼台,12896,487,0.037763648,355.72103,159.7910441,382.97854,1660.111694,38.34109506,0.168914597,0.829094293
北京大学东门,8684,500,0.057577153,311.664444,325.5793939,979.468888,3794.285824,75.55434913,0.418116599,1.196338093
丰台东大街,5091,501,0.098408957,211.580838,68.43597744,737.838323,2706.769232,71.44354161,0.524039213,0.748575918
平乐园,7608,503,0.066114616,352.314583,248.6523616,1112.435416,4443.47188,95.25967728,0.679369617,1.238433228
荣京东街,7771,503,0.064727834,115.252485,434.11295,1033.648111,2971.436803,63.16390188,0.428593291,0.339209883
圆明园,5437,510,0.093801729,278.168591,204.7207816,523.140877,2063.5382,26.94661432,0.340620885,0.989148427
北京站,26992,517,0.019153823,571.261627,370.7012715,4547.854651,36852.89392,3607.676403,0.608625451,0.601993183
园博园,2271,519,0.228533686,181.707129,40.08189954,843.998073,4358.356272,162.9068543,0.266818956,1.0444738
平安里,12295,521,0.042374949,450.273786,242.2572493,823.755339,2932.593805,52.54534813,0.274352662,0.953558357
果园,8867,528,0.059546634,320.428571,232.42038,647.729941,1877.300827,38.46654944,0.493451921,0.77591068
十里堡,16025,529,0.03301092,375.066287,295.8930326,500.297348,1569.091901,45.28148402,0.196019275,0.643057722
丰台科技园,20046,532,0.02653896,254.25,139.339773,412.757518,1340.48655,4.744992949,0.875286255,0.085503342
公主坟,10095,537,0.053194651,346.576064,205.9668399,823.21501,3381.75667,163.7954895,0.022652504,1.750173353
北京南站,41075,540,0.013146683,395.898734,210.8158964,753.227848,3358.046282,354.3427268,0.760678568,0.109920876
安定门,10855,557,0.051312759,406.951526,328.0994202,585.118491,2459.837701,32.4536694,0.776839308,1.090925841
杨庄,8169,557,0.0681846,335.27289,228.6626041,545.522441,1463.079029,29.05016664,0.400189838,1.758844412
马连洼,4328,571,0.131931608,438.399286,296.0882215,1287.980392,3975.626112,99.2957036,0.705624253,2.285351201
角门东,14907,585,0.039243309,301.598579,252.997641,1044.790408,4565.4317,75.88468342,0.796205976,0.61655598
荣昌东街,7338,596,0.081221041,141.007259,212.3881724,1013.346642,2836.078105,23.593673,0.566945259,0.67579722
和平门,7871,597,0.07584805,186.75862,185.4564628,880.655172,2864.123108,47.73194712,0.299707006,0.863676788
临河里,5534,611,0.110408385,181.198036,73.53298399,514.037643,2265.970699,86.72194984,0.603621057,0.744669317
永泰庄,12113,619,0.051102122,311.373376,231.7114479,374.217532,1224.663995,19.17571209,0.5035792,0.426649055
马泉营,7642,630,0.082439152,230.130158,184.4448444,398.107936,1492.00783,24.93795075,0.341149482,0.237764983
车公庄,15848,634,0.040005048,323.285939,299.6250602,651.63823,3237.121558,58.49393638,0.594270926,0.699583544
清源路,9355,637,0.068091929,223.904088,121.7747012,993.775157,4467.487046,179.8243644,0.687296625,0.456012827
天坛东门,10457,637,0.060916133,309.139717,235.8413417,491.053375,2263.863607,80.94591769,0.473922859,1.548723343
雍和宫,17307,637,0.036805917,208.2135,206.4321237,568.525902,1630.097196,20.39711752,0.43714488,0.343213729
昌平,10839,653,0.06024541,400.58125,318.4878958,807.23125,4389.572703,234.5239792,0.480310061,0.888366085
芍药居,19472,656,0.0336894,271.890822,113.8140881,819.545886,3482.06864,26.94876127,0.686359461,0.169422761
孙河,2833,670,0.236498412,243.743055,104.3191898,743.798611,2460.50391,73.95469657,0.489614476,0.565831274
草桥,8845,693,0.07834935,372.659451,267.1153863,701.924963,4666.344674,48.2267976,0.84183127,0.475522894
五道口,22321,698,0.031271,338.358851,236.9802174,647.722488,2223.74535,57.4181222,0.295198357,0.438779625
人民大学,16838,715,0.042463475,272.104078,202.2514717,682.592123,3412.480231,143.0753528,0.550760823,0.989072336
南楼梓庄,5519,723,0.131001993,361.406091,276.2111289,1144.395939,4570.348306,50.79990053,0.490706032,1.244971915
湾子,11488,732,0.063718663,266.23489,182.7899668,946.281593,3109.491339,80.52379649,0.582139634,1.233722145
北京西站,37628,741,0.019692782,498.648097,268.0323616,1864.482336,12326.66759,831.6788398,0.627239047,0.643643032
黄村西大街,10339,767,0.074185124,242.439894,147.9674011,906.784676,3838.426877,115.7231467,0.179056852,0.710900474
亦庄桥,5905,771,0.130567316,206.228274,193.7274702,783.666666,2797.506968,71.94464902,0.382334307,0.857408975
阜成门,24595,772,0.031388494,259.474708,199.1204868,463.027237,1702.855847,38.8971997,0.06682917,0.680504168
林萃桥,5765,775,0.134431917,219.890322,135.7706961,350.851612,1492.861296,5.564880395,0.794195115,0.39045967
金台路,16510,783,0.047425803,291.180087,247.1839317,718.420204,2369.682136,80.12313806,0.261830583,0.633555421
顺义,14289,789,0.0552173,249.770655,179.8716592,916.408831,4179.157747,177.416773,0.40954384,0.299531108
北沙滩,6298,816,0.129564941,309.791358,208.2296439,1000.838271,4343.824057,161.0203317,0.673901801,1.373451889
泥洼,6767,830,0.122654056,190.26506,147.8726918,939.771084,3265.210309,39.32002034,0.630498618,0.719077878
天通苑南,11641,830,0.071299717,359.846987,191.0621972,880.719277,2240.300003,69.81297662,0.214647086,0.947169487
六里桥,12532,833,0.066469837,252.569027,273.6441149,717.019207,2397.507138,41.22159092,0.557600948,0.404085541
双井,20872,835,0.040005749,377.437649,330.8799474,1385.663069,6070.88458,195.518405,0.723378847,1.08585665
陶然亭,15473,866,0.055968461,305.21478,249.5215893,534.270207,1743.267626,16.35572618,0.555144696,0.621017256
管庄,8796,873,0.099249659,420.83276,279.875665,693.837342,2283.610809,46.51200559,0.715213323,0.933378809
潞城,9535,876,0.09187205,271.214611,144.32288,2004.703196,8988.210359,164.6357648,0.152653009,0.19349764
万寿路,11631,885,0.07608976,135.040955,146.6785943,603.344709,1908.518829,42.00045265,0.239612054,1.262660132
北土城,7859,892,0.113500445,220.439698,180.0846008,708.711055,2271.391632,48.87938861,0.474201081,1.037663825
九龙山,16037,903,0.056307289,324.509975,249.0276169,1411.123441,6530.658465,202.4843733,0.647573064,0.625054561
长阳,12146,904,0.074427795,153.61615,52.69589512,885.16261,5066.588753,184.6235428,0.66499885,0.265437181
国家图书馆,12697,917,0.072221785,199.770581,206.6095802,642.588364,2139.313698,57.14657988,0.185494539,1.27927857
天宫院,15190,930,0.06122449,289.68172,200.444385,838.156989,4273.488675,90.73994152,0.77967608,0.173798552
通州北苑,11752,941,0.080071477,401.416578,228.662888,1703.258235,6453.136369,454.4777394,0.40582349,2.295353982
大瓦窑,4077,969,0.237674761,279.297235,298.1555252,670.370967,2153.881328,11.3272492,0.740329624,1.791022811
梨园,12620,986,0.078129952,288.06288,197.1641811,566.393509,2557.93419,109.9416773,0.244671208,0.789698891
大屯路东,14206,1005,0.070744756,229.991967,151.6957162,605.393574,2258.909152,73.80410781,0.257923856,0.597353231
西苑,9142,1029,0.112557427,293.174825,132.5389881,871.77922,3224.580983,134.2380341,0.223933855,1.335156421
北苑路北,17629,1052,0.0596744,244.491444,134.0061986,603.862167,1722.167293,32.45195037,0.373997815,0.546882977
望京南,14553,1060,0.072837216,352.95566,267.1063641,1298.817924,4095.981416,101.4678459,0.48921533,0.598639456
黄村火车站,7399,1068,0.14434383,196.829107,197.7359487,761.156807,2971.279796,63.4054276,0.594364672,1.097986214
七里庄,10543,1068,0.10129944,321.828651,183.2570757,1123.744382,6709.982698,368.0201747,0.658102278,1.346675519
亮马桥,24209,1076,0.04444628,311.50887,252.0707479,777.295051,2835.05691,64.00882566,0.579897888,0.365814367
上地,18827,1092,0.058001806,220.544871,203.587955,781.806776,2060.056229,43.59650814,0.668625486,0.476549636
广安门内,15545,1101,0.070826632,443.318973,190.5518681,2786.111824,21427.04245,2098.947604,0.770741703,1.909745899
六道口,10097,1104,0.109339408,361.304431,304.3954644,914.921001,3425.329771,122.6273712,0.390003384,1.172229375
来广营,12319,1168,0.094812891,344.309075,226.2012745,818.78339,3115.267133,77.49604564,0.366703927,0.640961117
大钟寺,10856,1211,0.111551216,178.448789,171.7514608,491.333333,2238.162083,70.40854746,0.365740801,1.234708917
角门西,16541,1239,0.074904782,218.662894,243.8368513,847.968472,3286.735161,94.57021551,0.571237834,0.751586966
北苑,13939,1270,0.091111271,306.626485,286.0123374,513.88455,1319.981304,18.15359675,0.546061558,0.725948777
永丰,6013,1279,0.212705804,151.005473,95.50881617,1075.531665,4182.715259,85.00681442,0.503218992,0.974555131
劲松,19758,1285,0.065036947,303.651361,240.6731115,1048.733852,3873.603323,78.20856422,0.655533009,0.736056281
立水桥,22523,1285,0.05705279,281.280517,168.6083686,1272.529506,3545.340451,120.4258555,0.531406885,0.583181637
团结湖,23240,1302,0.056024096,304.180542,247.6502973,1698.112254,5971.203558,79.39010579,0.594579805,0.550129088
朝阳公园,8715,1352,0.155134825,257.068837,156.8468377,1282.523316,4400.757496,87.82506217,0.526521347,2.285140562
惠新西街北口,19195,1355,0.0705913,305.679343,253.6503159,716.542132,3773.811436,167.1963819,0.444428739,0.747746809
大葆台,4272,1384,0.323970037,108.457438,183.1522621,654.743038,2722.111297,23.77010814,0.802174923,0.593164794
西二旗,41087,1403,0.034147054,335.3799,264.301688,1176.920171,3957.010927,196.577873,0.404598384,0.142697203
生命科学园,13808,1428,0.103418308,219.346744,143.7507027,977.590343,3879.553238,118.024315,0.625131748,0.468424102
北运河西,14146,1477,0.104411141,365.566689,214.331192,697.834123,2381.064208,60.7175393,0.527283893,0.256821716
崔各庄,3058,1480,0.483976455,142.373648,86.81270328,729.54527,2439.510815,25.53280301,0.365399201,0.934597776
五棵松,22459,1493,0.066476691,285.02947,170.5972359,744.459477,3153.943225,97.94725056,0.672460195,0.530700387
健德门,16325,1502,0.092006126,383.861073,361.7742813,1504.977852,10743.01528,190.9038657,0.876508956,1.042327718
同济南路,10194,1516,0.14871493,376.484808,348.9639341,1053.717305,4333.670684,125.3936149,0.385786723,0.406807926
成寿寺,12583,1531,0.121672097,276.380796,279.3629518,812.02482,2782.595242,51.7256825,0.583774469,0.607724708
西局,11180,1537,0.137477639,272.308583,159.8989362,879.320844,3686.255473,177.5089141,0.481412799,0.47137746
旧宫,9222,1615,0.175124702,208.024163,157.9410965,664.693308,2860.097517,133.1651963,0.642057309,0.592387768
刘家窑,16118,1657,0.102804318,295.175618,134.2852154,785.345202,5139.781633,413.8216807,0.467646821,1.285147041
百子湾,12485,1668,0.13360032,493.754196,206.5808664,641.396882,2887.833444,32.64094446,0.576506469,0.761714057
太阳宫,15482,1686,0.108900659,268.313946,230.286257,863.243916,2522.929485,17.04238396,0.62961774,0.357059811
温阳路,5159,1699,0.329327389,251.968805,199.5145664,840.698057,3850.92182,73.88548926,0.732755638,1.065322737
望京西,14252,1842,0.129245018,278.409337,216.116154,2547.887079,23996.51066,1165.032219,0.84922023,0.39306764
回龙观,21842,1849,0.08465342,251.844965,172.271748,1147.029176,4404.583032,162.1076502,0.581760492,0.247779507
后沙峪,11222,1859,0.165656746,173.358988,163.4330379,1253.502473,9160.775316,327.0298833,0.70102249,0.41026555
俸伯,12407,1882,0.151688563,186.567481,78.70088283,1609.818278,11772.17662,1473.469205,0.256362922,0.477391795
牡丹园,18009,1883,0.104558832,249.255041,176.3190217,481.844602,1744.77739,26.68830989,0.559497294,0.891165528
朱辛庄,15952,1914,0.119984955,208.842215,136.5823656,1607.743991,10975.57082,1248.403903,0.804938127,0.233199599
通州北关,14715,1931,0.131226639,185.262558,450.2109928,920.987571,2253.137846,46.26136465,0.289675014,0.575603126
育新,13121,1964,0.149683713,189.279306,157.3658066,501.555555,1842.617141,39.43575412,0.376501169,1.055254935
西红门,17706,2022,0.114198577,327.543521,188.4333596,905.84817,3838.856581,169.6220418,0.627758634,0.511916864
张郭庄,6440,2037,0.316304348,132.810505,134.5586601,805.747668,3505.925351,100.533065,0.242413742,0.80621118
光熙门,8616,2063,0.239438254,175.29267,111.9716025,4661.129857,48412.34474,1208.044059,0.646217543,1.367455896
金安桥,11308,2130,0.188362221,236.535904,294.5399897,1065.828457,4187.407145,98.53106712,0.42436394,0.891934913
龙泽,19598,2144,0.109398918,375.738339,283.2447043,1031.890391,3286.204538,93.92592319,0.565481574,0.737422186
青年路,28116,2241,0.079705506,498.342224,295.1955885,844.256329,2661.778322,42.54039685,0.320734578,0.457639778
国贸,27092,2259,0.083382548,413.828685,274.1357255,3153.351925,25570.84514,1901.929281,0.666439685,1.60121069
四惠东,21565,2287,0.106051472,170.192289,147.469433,1298.02237,3427.878605,95.18297894,0.42343969,0.303825643
八角游乐园,14000,2366,0.169,181.954702,90.44288921,848.46031,2370.785537,41.54609125,0.34244667,1.030642857
立水桥南,14986,2434,0.162418257,145.833607,48.99291346,507.250205,1479.371212,26.35059724,0.141022876,0.835179501
玉泉路,16301,2514,0.154223667,193.168257,213.2401093,564.113365,1883.038515,37.38592299,0.573590179,1.265014416
长椿街,20642,2551,0.123582986,232.078885,176.0940931,1719.016875,11260.25869,639.5965702,0.832820515,0.611132642
北宫门,9189,2615,0.284579388,178.563621,238.4430659,1344.441385,4866.672244,169.0003954,0.53458496,0.862008924
物资学院路,18778,2693,0.143412504,320.02526,235.747487,1741.040118,6405.667695,107.5382312,0.842366487,0.498615401
海淀五路居,17724,2733,0.154197698,270.209594,229.3222316,788.399261,3060.192794,97.80207047,0.40720793,0.856804333
将台,24550,2783,0.113360489,302.850668,237.6383181,1039.533016,3411.785338,89.29652349,0.474085933,0.605906314
苹果园,14804,2792,0.188597676,195.265552,196.9106053,967.062597,3567.942232,109.8099646,0.620724259,0.698324777
土桥,15975,2845,0.178090767,242.756969,144.0376285,1350.939242,6347.602365,548.9944343,0.363282169,0.489264476
四惠,20460,2864,0.13998045,307.639008,283.1663474,1419.938577,6981.100129,278.4832849,0.696379974,1.208162268
宋家庄,33643,2928,0.087031478,87.184868,238.8873622,880.195823,3106.019075,51.29766557,0.488560997,0.388312576
霍营,26474,2946,0.111278991,257.015701,378.5138734,953.100837,2365.225552,30.16167967,0.382358073,0.24253985
草房,19405,3034,0.156351456,253.966051,100.0614944,2076.391891,9295.699515,282.9214562,0.67987528,0.653491368
回龙观东大街,17752,3136,0.176656151,245.757796,123.5622322,632.015592,1724.137628,22.15932725,0.273406052,0.706230284
三元桥,29200,3343,0.114486301,319.70927,217.5226106,1394.178217,6539.540094,219.7445927,0.697554176,0.323493151
天通苑,27832,3488,0.125323369,383.825974,342.4909634,714.698107,2119.563801,42.31831884,0.350179922,0.3325309
大望路,41076,3540,0.086181712,406.605597,310.5252197,3181.113655,22105.78366,690.398423,0.742679361,1.030455741
新宫,19406,3771,0.194321344,245.818618,105.1672405,707.85196,3336.127804,60.57180319,0.370375409,0.479284757
西直门,38986,3876,0.099420305,308.611311,278.2004315,745.641787,3090.461232,108.4503929,0.260482079,0.480941877
八宝山,17902,3987,0.222712546,85.140616,171.8594329,788.363239,3036.520709,102.8065592,0.343142393,0.971288124
十里河,30845,4583,0.148581618,239.802563,186.881416,1352.388351,5001.454427,151.8442548,0.515163154,0.704068731
积水潭,30160,5805,0.192473475,470.368348,433.9885885,3437.826537,33803.23398,1283.072522,0.857826091,0.976690981
东直门,42180,5866,0.13907065,478.505467,252.0681531,3800.157785,32160.8521,5586.837078,0.464414649,0.757112376
六里桥东,19161,6628,0.345910965,314.491701,114.5738883,3267.480537,28008.32728,2052.522275,0.676403076,3.117112886
天通苑北,35186,9664,0.274654692,418.643656,265.7660284,1219.230721,5331.701682,110.6698243,0.528532262,0.527226738
